Season,Player,Age,Tm,Pos,GP,G,GPG,A,PTS,+/-,PIM,EVG,PPG,SHG,GWG,EVA,PPA,SHA,S,S%,TOI,ATOI,BLK,HIT,FOwin,FOloss,FO%,MoreThan50
1982,Wayne Gretzky*,21.0, EDM , C ,80,92,1.15,120, 212 , 81 , 26 , 68 , 18 , 6 , 12 , 79 , 39 , 2 , 369 , 25 ,0,0,0.0,0.0,0.0,0.0,0.0,True
1984,Wayne Gretzky*,23.0, EDM , C ,74,87,1.1757,118, 205 , 76 , 39 , 55 , 20 , 12 , 11 , 82 , 25 , 11 , 324 , 27 ,0,0,0.0,0.0,0.0,0.0,0.0,True
1991,Brett Hull*,26.0, STL , RW ,78,86,1.1026,45, 131 , 23 , 22 , 57 , 29 , -   , 11 , 29 , 16 , -   , 389 , 22 ,0,0,0.0,0.0,0.0,0.0,0.0,True
1989,Mario Lemieux*,23.0, PIT , C ,76,85,1.1184,114, 199 , 41 , 100 , 41 , 31 , 13 , 8 , 61 , 48 , 5 , 313 , 27 ,0,0,0.0,0.0,0.0,0.0,0.0,True
1993,Alexander Mogilny,23.0, BUF , RW ,77,76,0.987,51, 127 , 7 , 40 , 49 , 27 , -   , 11 , 29 , 21 , 1 , 360 , 21 ,0,0,0.0,0.0,0.0,0.0,0.0,True
1971,Phil Esposito*,28.0, BOS , C ,78,76,0.9744,76, 152 , 71 , 71 , 50 , 25 , 1 , 16 , 49 , 26 , 1 , 550 , 14 ,0,0,0.0,0.0,0.0,0.0,0.0,True
1993,Teemu Selanne,22.0, WIN , RW ,84,76,0.9048,56, 132 , 8 , 45 , 52 , 24 , -   , 7 , 31 , 25 , -   , 387 , 20 ,0,0,0.0,0.0,0.0,0.0,0.0,True
1985,Wayne Gretzky*,24.0, EDM , C ,80,73,0.9125,135, 208 , 98 , 52 , 54 , 8 , 11 , 7 , 93 , 35 , 7 , 358 , 20 ,0,0,0.0,0.0,0.0,0.0,0.0,True
1990,Brett Hull*,25.0, STL , RW ,80,72,0.9,41, 113 ,-1 , 24 , 45 , 27 , -   , 12 , 24 , 17 , -   , 385 , 19 ,0,0,0.0,0.0,0.0,0.0,0.0,True
1983,Wayne Gretzky*,22.0, EDM , C ,80,71,0.8875,125, 196 , 60 , 59 , 47 , 18 , 6 , 9 , 85 , 36 , 4 , 348 , 20 ,0,0,0.0,0.0,0.0,0.0,0.0,True
1985,Jari Kurri*,24.0, EDM , RW ,73,71,0.9726,64, 135 , 76 , 30 , 54 , 14 , 3 , 13 , 47 , 14 , 3 , 261 , 27 ,0,0,0.0,0.0,0.0,0.0,0.0,True
1989,Bernie Nicholls,27.0, LAK , C ,79,70,0.8861,80, 150 , 30 , 96 , 41 , 21 , 8 , 6 , 46 , 28 , 6 , 385 , 18 ,0,0,0.0,0.0,0.0,0.0,0.0,True
1988,Mario Lemieux*,22.0, PIT , C ,77,70,0.9091,98, 168 , 23 , 92 , 38 , 22 , 10 , 7 , 36 , 58 , 4 , 382 , 18 ,0,0,0.0,0.0,0.0,0.0,0.0,True
1992,Brett Hull*,27.0, STL , RW ,73,70,0.9589,39, 109 ,-2 , 48 , 45 , 20 , 5 , 9 , 19 , 20 , -   , 408 , 17 ,0,0,0.0,0.0,0.0,0.0,0.0,True
1979,Mike Bossy*,22.0, NYI , RW ,80,69,0.8625,57, 126 , 63 , 25 , 42 , 27 , -   , 9 , 34 , 23 , -   , 279 , 25 ,0,0,0.0,0.0,0.0,0.0,0.0,True
1993,Mario Lemieux*,27.0, PIT , C ,60,69,1.15,91, 160 , 55 , 38 , 47 , 16 , 6 , 10 , 49 , 39 , 3 , 286 , 24 ,0,0,0.0,0.0,0.0,0.0,0.0,True
1996,Mario Lemieux*,30.0, PIT , C ,70,69,0.9857,92, 161 , 10 , 54 , 30 , 31 , 8 , 8 , 43 , 48 , 1 , 338 , 20 ,0,0,0.0,0.0,0.0,0.0,0.0,True
1986,Jari Kurri*,25.0, EDM , RW ,78,68,0.8718,63, 131 , 45 , 22 , 46 , 16 , 6 , 9 , 39 , 20 , 4 , 236 , 29 ,0,0,0.0,0.0,0.0,0.0,0.0,True
1981,Mike Bossy*,24.0, NYI , RW ,79,68,0.8608,51, 119 , 37 , 32 , 38 , 28 , 2 , 10 , 36 , 15 , -   , 315 , 22 ,0,0,0.0,0.0,0.0,0.0,0.0,True
1974,Phil Esposito*,31.0, BOS , C ,78,68,0.8718,77, 145 , 51 , 58 , 50 , 14 , 4 , 9 , 49 , 26 , 2 , 393 , 17 ,0,0,0.0,0.0,0.0,0.0,0.0,True
1983,Lanny McDonald*,29.0, CGY , RW ,80,66,0.825,32, 98 ,-2 , 90 , 49 , 17 , -   , 8 , 16 , 16 , -   , 272 , 24 ,0,0,0.0,0.0,0.0,0.0,0.0,True
1972,Phil Esposito*,29.0, BOS , C ,76,66,0.8684,67, 133 , 55 , 76 , 36 , 28 , 2 , 16 , 41 , 24 , 2 , 426 , 16 ,0,0,0.0,0.0,0.0,0.0,0.0,True
2008,Alex Ovechkin,22.0, WSH , LW ,82,65,0.7927,47, 112 , 28 , 40 , 43 , 22 , -   , 11 , 32 , 15 , -   , 446 , 15 ," 1,894 ",23:06,44.0,220.0,7.0,11.0,38.9,True
1989,Steve Yzerman*,23.0, DET , C ,80,65,0.8125,90, 155 , 17 , 61 , 45 , 17 , 3 , 7 , 56 , 29 , 5 , 388 , 17 ,0,0,0.0,0.0,0.0,0.0,0.0,True
1982,Mike Bossy*,25.0, NYI , RW ,80,64,0.8,83, 147 , 69 , 22 , 47 , 17 , -   , 10 , 54 , 29 , -   , 301 , 21 ,0,0,0.0,0.0,0.0,0.0,0.0,True
1993,Luc Robitaille*,26.0, LAK , LW ,84,63,0.75,62, 125 , 18 , 100 , 37 , 24 , 2 , 8 , 39 , 21 , 2 , 265 , 24 ,0,0,0.0,0.0,0.0,0.0,0.0,True
1987,Wayne Gretzky*,26.0, EDM , C ,79,62,0.7848,121, 183 , 70 , 28 , 42 , 13 , 7 , 4 , 82 , 33 , 6 , 288 , 22 ,0,0,0.0,0.0,0.0,0.0,0.0,True
1990,Steve Yzerman*,24.0, DET , C ,79,62,0.7848,65, 127 ,-6 , 79 , 39 , 16 , 7 , 8 , 40 , 21 , 4 , 332 , 19 ,0,0,0.0,0.0,0.0,0.0,0.0,True
1996,Jaromir Jagr,23.0, PIT , RW ,82,62,0.7561,87, 149 , 31 , 96 , 41 , 20 , 1 , 12 , 54 , 31 , 2 , 403 , 15 ,0,0,0.0,0.0,0.0,0.0,0.0,True
1976,Reggie Leach,25.0, PHI , RW ,80,61,0.7625,30, 91 , 73 , 41 , 51 , 10 , -   , 11 , 19 , 11 , -   , 335 , 18 ,0,0,0.0,0.0,0.0,0.0,0.0,True
1986,Mike Bossy*,29.0, NYI , RW ,80,61,0.7625,62, 123 , 30 , 14 , 39 , 21 , 1 , 9 , 43 , 18 , 1 , 302 , 20 ,0,0,0.0,0.0,0.0,0.0,0.0,True
1975,Phil Esposito*,32.0, BOS , C ,79,61,0.7722,66, 127 , 18 , 62 , 30 , 27 , 4 , 8 , 38 , 27 , 1 , 347 , 18 ,0,0,0.0,0.0,0.0,0.0,0.0,True
1978,Guy Lafleur*,26.0, MTL , RW ,78,60,0.7692,72, 132 , 73 , 26 , 45 , 15 , -   , 12 , 51 , 21 , -   , 307 , 20 ,0,0,0.0,0.0,0.0,0.0,0.0,True
1993,Pavel Bure*,21.0, VAN , RW ,83,60,0.7229,50, 110 , 35 , 69 , 40 , 13 , 7 , 9 , 28 , 20 , 2 , 407 , 15 ,0,0,0.0,0.0,0.0,0.0,0.0,True
2012,Steven Stamkos,21.0, TBL , C ,82,60,0.7317,37, 97 , 7 , 66 , 48 , 12 , -   , 12 , 24 , 13 , -   , 303 , 20 ," 1,806 ",22:01,37.0,109.0,558.0,669.0,45.5,True
1994,Pavel Bure*,22.0, VAN , RW ,76,60,0.7895,47, 107 , 1 , 86 , 31 , 25 , 4 , 9 , 27 , 18 , 2 , 374 , 16 ,0,0,0.0,0.0,0.0,0.0,0.0,True
1983,Mike Bossy*,26.0, NYI , RW ,79,60,0.7595,58, 118 , 27 , 20 , 41 , 19 , -   , 8 , 37 , 21 , -   , 272 , 22 ,0,0,0.0,0.0,0.0,0.0,0.0,True
1982,Dennis Maruk,26.0, WSH , C ,80,60,0.75,76, 136 ,-4 , 128 , 38 , 20 , 2 , 1 , 40 , 35 , 1 , 268 , 22 ,0,0,0.0,0.0,0.0,0.0,0.0,True
1977,Steve Shutt*,24.0, MTL , LW ,80,60,0.75,45, 105 , 88 , 28 , 52 , 8 , -   , 9 , 36 , 9 , -   , 294 , 20 ,0,0,0.0,0.0,0.0,0.0,0.0,True
1979,Marcel Dionne*,27.0, LAK , C ,80,59,0.7375,71, 130 , 23 , 30 , 40 , 19 , -   , 7 , 41 , 29 , 1 , 362 , 16 ,0,0,0.0,0.0,0.0,0.0,0.0,True
2001,Pavel Bure*,29.0, FLA , RW ,82,59,0.7195,33, 92 ,-2 , 58 , 35 , 19 , 5 , 8 , 24 , 9 , -   , 384 , 15 ," 2,203 ",2:52,0.0,0.0,0.0,0.0,0.0,True
1986,Tim Kerr,26.0, PHI , RW ,76,58,0.7632,26, 84 ,-5 , 79 , 24 , 34 , -   , 8 , 13 , 13 , -   , 285 , 20 ,0,0,0.0,0.0,0.0,0.0,0.0,True
1981,Marcel Dionne*,29.0, LAK , C ,80,58,0.725,77, 135 , 55 , 70 , 31 , 23 , 4 , 9 , 55 , 22 , -   , 342 , 17 ,0,0,0.0,0.0,0.0,0.0,0.0,True
1987,Tim Kerr,27.0, PHI , RW ,75,58,0.7733,37, 95 , 38 , 57 , 32 , 26 , -   , 10 , 27 , 10 , -   , 261 , 22 ,0,0,0.0,0.0,0.0,0.0,0.0,True
1993,Pierre Turgeon,23.0, NYI , C ,83,58,0.6988,74, 132 ,-1 , 26 , 34 , 24 , -   , 10 , 43 , 30 , 1 , 301 , 19 ,0,0,0.0,0.0,0.0,0.0,0.0,True
1969,Bobby Hull*,30.0, CBH , LW ,74,58,0.7838,49, 107 ,-7 , 48 , 36 , 20 , 2 , 11 , 33 , 16 , -   , 414 , 14 ,0,0,0.0,0.0,0.0,0.0,0.0,True
1993,Steve Yzerman*,27.0, DET , C ,84,58,0.6905,79, 137 , 33 , 44 , 38 , 13 , 7 , 6 , 49 , 28 , 2 , 307 , 19 ,0,0,0.0,0.0,0.0,0.0,0.0,True
1985,Mike Bossy*,28.0, NYI , RW ,76,58,0.7632,59, 117 , 37 , 38 , 40 , 14 , 4 , 7 , 46 , 13 , -   , 285 , 20 ,0,0,0.0,0.0,0.0,0.0,0.0,True
2000,Pavel Bure*,28.0, FLA , RW ,74,58,0.7838,36, 94 , 25 , 16 , 45 , 11 , 2 , 14 , 27 , 9 , -   , 360 , 16 ," 1,804 ",0:23,0.0,0.0,0.0,0.0,0.0,True
1983,Michel Goulet*,22.0, QUE , LW ,80,57,0.7125,48, 105 , 31 , 51 , 43 , 10 , 4 , 4 , 39 , 8 , 1 , 256 , 22 ,0,0,0.0,0.0,0.0,0.0,0.0,True
1994,Brett Hull*,29.0, STL , RW ,81,57,0.7037,40, 97 ,-3 , 38 , 29 , 25 , 3 , 6 , 22 , 16 , 2 , 392 , 15 ,0,0,0.0,0.0,0.0,0.0,0.0,True
1983,Marcel Dionne*,31.0, LAK , C ,80,56,0.7,51, 107 , 10 , 22 , 38 , 17 , 1 , 7 , 30 , 21 , -   , 345 , 16 ,0,0,0.0,0.0,0.0,0.0,0.0,True
1980,Danny Gare,25.0, BUF , RW ,76,56,0.7368,33, 89 , 49 , 90 , 39 , 17 , -   , 11 , 23 , 10 , -   , 270 , 21 ,0,0,0.0,0.0,0.0,0.0,0.0,True
1988,Craig Simpson,20.0, TOT , RW ,80,56,0.7,34, 90 , 20 , 77 , 34 , 22 , -   , 8 , 22 , 12 , -   , 177 , 32 ,0,0,0.0,0.0,0.0,0.0,0.0,True
2006,Jonathan Cheechoo,25.0, SJS , RW ,82,56,0.6829,37, 93 , 23 , 58 , 30 , 24 , 2 , 11 , 20 , 17 , -   , 317 , 18 ," 1,637 ",19:57,0.0,0.0,0.0,0.0,0.0,True
2009,Alex Ovechkin,23.0, WSH , LW ,79,56,0.7089,54, 110 , 8 , 72 , 36 , 19 , 1 , 10 , 27 , 27 , -   , 528 , 11 ," 1,817 ",23:00,32.0,243.0,8.0,24.0,25.0,True
1977,Guy Lafleur*,25.0, MTL , RW ,80,56,0.7,80, 136 , 89 , 20 , 42 , 14 , -   , 8 , 63 , 17 , -   , 291 , 19 ,0,0,0.0,0.0,0.0,0.0,0.0,True
1981,Charlie Simmer,26.0, LAK , LW ,65,56,0.8615,49, 105 , 31 , 62 , 33 , 23 , -   , 9 , 32 , 17 , -   , 171 , 33 ,0,0,0.0,0.0,0.0,0.0,0.0,True
1994,Sergei Fedorov*,24.0, DET , C ,82,56,0.6829,64, 120 , 48 , 34 , 39 , 13 , 4 , 10 , 42 , 15 , 7 , 337 , 17 ,0,0,0.0,0.0,0.0,0.0,0.0,True
1976,Guy Lafleur*,24.0, MTL , RW ,80,56,0.7,69, 125 , 68 , 36 , 38 , 18 , -   , 12 , 50 , 19 , -   , 303 , 19 ,0,0,0.0,0.0,0.0,0.0,0.0,True
1980,Blaine Stoughton,26.0, HAR , RW ,80,56,0.7,44, 100 , 9 , 16 , 38 , 16 , 2 , 9 , 35 , 8 , 1 , 234 , 24 ,0,0,0.0,0.0,0.0,0.0,0.0,True
1980,Charlie Simmer,25.0, LAK , LW ,64,56,0.875,45, 101 , 47 , 65 , 35 , 21 , -   , 8 , 28 , 17 , -   , 213 , 26 ,0,0,0.0,0.0,0.0,0.0,0.0,True
1984,Michel Goulet*,23.0, QUE , LW ,75,56,0.7467,65, 121 , 62 , 76 , 43 , 11 , 2 , 16 , 46 , 18 , 1 , 239 , 23 ,0,0,0.0,0.0,0.0,0.0,0.0,True
1985,Michel Goulet*,24.0, QUE , LW ,69,55,0.7971,40, 95 , 10 , 55 , 38 , 17 , -   , 6 , 29 , 11 , -   , 257 , 21 ,0,0,0.0,0.0,0.0,0.0,0.0,True
1981,Wayne Gretzky*,20.0, EDM , C ,80,55,0.6875,109, 164 , 41 , 28 , 36 , 15 , 4 , 3 , 69 , 37 , 3 , 261 , 21 ,0,0,0.0,0.0,0.0,0.0,0.0,True
1996,Alexander Mogilny,26.0, VAN , RW ,79,55,0.6962,52, 107 , 14 , 16 , 40 , 10 , 5 , 6 , 31 , 19 , 2 , 292 , 19 ,0,0,0.0,0.0,0.0,0.0,0.0,True
1973,Phil Esposito*,30.0, BOS , C ,78,55,0.7051,75, 130 , 16 , 87 , 31 , 19 , 5 , 11 , 50 , 24 , 1 , 411 , 13 ,0,0,0.0,0.0,0.0,0.0,0.0,True
1985,John Ogrodnick,25.0, DET , LW ,79,55,0.6962,50, 105 , 1 , 30 , 39 , 15 , 1 , 6 , 30 , 17 , 3 , 303 , 18 ,0,0,0.0,0.0,0.0,0.0,0.0,True
1990,Brian Bellows,25.0, MNS , LW ,80,55,0.6875,44, 99 ,-3 , 72 , 33 , 21 , 1 , 9 , 24 , 19 , 1 , 300 , 18 ,0,0,0.0,0.0,0.0,0.0,0.0,True
1982,Dino Ciccarelli*,21.0, MNS , RW ,76,55,0.7237,51, 106 , 14 , 138 , 35 , 20 , -   , 4 , 34 , 17 , -   , 289 , 19 ,0,0,0.0,0.0,0.0,0.0,0.0,True
1990,Cam Neely*,24.0, BOS , RW ,76,55,0.7237,37, 92 , 10 , 117 , 30 , 25 , -   , 12 , 24 , 13 , -   , 271 , 20 ,0,0,0.0,0.0,0.0,0.0,0.0,True
1993,Kevin Stevens,27.0, PIT , LW ,72,55,0.7639,56, 111 , 17 , 177 , 29 , 26 , -   , 5 , 38 , 18 , -   , 326 , 17 ,0,0,0.0,0.0,0.0,0.0,0.0,True
1981,Rick Kehoe,29.0, PIT , RW ,80,55,0.6875,33, 88 ,-9 , 6 , 35 , 20 , -   , 5 , 14 , 19 , -   , 299 , 18 ,0,0,0.0,0.0,0.0,0.0,0.0,True
1988,Jimmy Carson,19.0, LAK , C ,80,55,0.6875,52, 107 ,-19 , 45 , 33 , 22 , -   , 7 , 26 , 26 , -   , 264 , 21 ,0,0,0.0,0.0,0.0,0.0,0.0,True
1986,Glenn Anderson*,25.0, EDM , RW ,72,54,0.75,48, 102 , 38 , 90 , 34 , 18 , 2 , 9 , 34 , 14 , -   , 243 , 22 ,0,0,0.0,0.0,0.0,0.0,0.0,True
1985,Tim Kerr,25.0, PHI , RW ,74,54,0.7297,44, 98 , 29 , 57 , 33 , 21 , -   , 9 , 31 , 13 , -   , 267 , 20 ,0,0,0.0,0.0,0.0,0.0,0.0,True
1983,Al Secord,24.0, CBH , LW ,80,54,0.675,32, 86 , 34 , 180 , 34 , 20 , -   , 6 , 29 , 3 , -   , 239 , 23 ,0,0,0.0,0.0,0.0,0.0,0.0,True
1993,Brett Hull*,28.0, STL , RW ,80,54,0.675,47, 101 ,-27 , 41 , 25 , 29 , -   , 2 , 18 , 29 , -   , 390 , 14 ,0,0,0.0,0.0,0.0,0.0,0.0,True
1984,Glenn Anderson*,23.0, EDM , RW ,80,54,0.675,45, 99 , 41 , 65 , 39 , 11 , 4 , 11 , 33 , 11 , 1 , 277 , 20 ,0,0,0.0,0.0,0.0,0.0,0.0,True
1993,Dave Andreychuk,29.0, TOT , LW ,83,54,0.6506,45, 99 , 4 , 56 , 22 , 32 , -   , 4 , 23 , 22 , -   , 310 , 17 ,0,0,0.0,0.0,0.0,0.0,0.0,True
1981,Wayne Babych,22.0, STL , RW ,78,54,0.6923,42, 96 , 14 , 93 , 40 , 14 , -   , 7 , 30 , 12 , -   , 306 , 18 ,0,0,0.0,0.0,0.0,0.0,0.0,True
1987,Jari Kurri*,26.0, EDM , RW ,79,54,0.6835,54, 108 , 35 , 41 , 37 , 12 , 5 , 10 , 39 , 13 , 2 , 211 , 26 ,0,0,0.0,0.0,0.0,0.0,0.0,True
1987,Mario Lemieux*,21.0, PIT , C ,63,54,0.8571,53, 107 , 13 , 57 , 35 , 19 , -   , 4 , 34 , 19 , -   , 267 , 20 ,0,0,0.0,0.0,0.0,0.0,0.0,True
2001,Joe Sakic*,31.0, COL , C ,82,54,0.6585,64, 118 , 45 , 30 , 32 , 19 , 3 , 12 , 34 , 27 , 3 , 332 , 16 ," 1,887 ",23:01,0.0,0.0,0.0,0.0,0.0,True
1989,Wayne Gretzky*,28.0, LAK , C ,78,54,0.6923,114, 168 , 15 , 26 , 38 , 11 , 5 , 5 , 62 , 42 , 10 , 303 , 18 ,0,0,0.0,0.0,0.0,0.0,0.0,True
1984,Tim Kerr,24.0, PHI , RW ,79,54,0.6835,39, 93 , 30 , 29 , 45 , 9 , -   , 5 , 31 , 8 , -   , 286 , 19 ,0,0,0.0,0.0,0.0,0.0,0.0,True
2006,Jaromir Jagr,33.0, NYR , RW ,82,54,0.6585,69, 123 , 34 , 72 , 30 , 24 , -   , 9 , 41 , 28 , -   , 368 , 15 ," 1,810 ",22:05,0.0,0.0,0.0,0.0,0.0,True
1990,Pat LaFontaine*,24.0, NYI , C ,74,54,0.7297,51, 105 ,-13 , 38 , 39 , 13 , 2 , 8 , 24 , 27 , -   , 286 , 19 ,0,0,0.0,0.0,0.0,0.0,0.0,True
1982,Rick Vaive,22.0, TOR , RW ,77,54,0.7013,35, 89 , 12 , 157 , 37 , 12 , 5 , 6 , 28 , 6 , 1 , 267 , 20 ,0,0,0.0,0.0,0.0,0.0,0.0,True
1992,Kevin Stevens,26.0, PIT , LW ,80,54,0.675,69, 123 , 8 , 254 , 35 , 19 , -   , 4 , 46 , 23 , -   , 325 , 17 ,0,0,0.0,0.0,0.0,0.0,0.0,True
1966,Bobby Hull*,27.0, CBH , LW ,65,54,0.8308,43, 97 ,0, 70 , 31 , 22 , 1 , 7 ,0,0,0,0,0,0,0,0.0,0.0,0.0,0.0,0.0,True
1978,Mike Bossy*,21.0, NYI , RW ,73,53,0.726,38, 91 , 31 , 6 , 28 , 25 , -   , 5 , 23 , 15 , -   , 235 , 23 ,0,0,0.0,0.0,0.0,0.0,0.0,True
1975,Guy Lafleur*,23.0, MTL , RW ,70,53,0.7571,66, 119 , 52 , 37 , 36 , 15 , 2 , 11 , 39 , 26 , 1 , 260 , 20 ,0,0,0.0,0.0,0.0,0.0,0.0,True
1977,Marcel Dionne*,25.0, LAK , C ,80,53,0.6625,69, 122 , 10 , 12 , 38 , 14 , 1 , 5 , 36 , 32 , 1 , 378 , 14 ,0,0,0.0,0.0,0.0,0.0,0.0,True
1976,Pierre Larouche,20.0, PIT , C ,76,53,0.6974,58, 111 , 4 , 33 , 35 , 18 , -   , 3 , 43 , 15 , -   , 319 , 17 ,0,0,0.0,0.0,0.0,0.0,0.0,True
1980,Marcel Dionne*,28.0, LAK , C ,80,53,0.6625,84, 137 , 35 , 32 , 36 , 17 , -   , 6 , 55 , 28 , 1 , 348 , 15 ,0,0,0.0,0.0,0.0,0.0,0.0,True
2015,Alex Ovechkin,29.0, WSH , LW ,81,53,0.6543,28, 81 , 10 , 58 , 28 , 25 , -   , 11 , 19 , 9 , -   , 395 , 13 ," 1,646 ",20:20,32.0,259.0,2.0,3.0,40.0,True
1994,Dave Andreychuk,30.0, TOR , RW ,83,53,0.6386,46, 99 , 22 , 98 , 27 , 21 , 5 , 8 , 24 , 22 , -   , 333 , 16 ,0,0,0.0,0.0,0.0,0.0,0.0,True
1985,Dale Hawerchuk*,21.0, WIN , C ,80,53,0.6625,77, 130 , 22 , 74 , 33 , 17 , 3 , 4 , 50 , 26 , 1 , 280 , 19 ,0,0,0.0,0.0,0.0,0.0,0.0,True
1993,Mark Recchi,24.0, PHI , RW ,84,53,0.631,70, 123 , 1 , 95 , 34 , 15 , 4 , 6 , 42 , 27 , 1 , 274 , 19 ,0,0,0.0,0.0,0.0,0.0,0.0,True
1993,Pat LaFontaine*,27.0, BUF , C ,84,53,0.631,95, 148 , 11 , 63 , 31 , 20 , 2 , 7 , 52 , 43 , -   , 306 , 17 ,0,0,0.0,0.0,0.0,0.0,0.0,True
1985,Bob Carpenter,21.0, WSH , C ,80,53,0.6625,42, 95 , 20 , 87 , 41 , 12 , -   , 7 , 25 , 17 , -   , 260 , 20 ,0,0,0.0,0.0,0.0,0.0,0.0,True
1992,Gary Roberts,25.0, CGY , LW ,76,53,0.6974,37, 90 , 32 , 207 , 38 , 15 , -   , 2 , 29 , 7 , 1 , 196 , 27 ,0,0,0.0,0.0,0.0,0.0,0.0,True
1986,Michel Goulet*,25.0, QUE , LW ,75,53,0.7067,51, 104 , 6 , 64 , 25 , 28 , -   , 3 , 30 , 21 , -   , 244 , 22 ,0,0,0.0,0.0,0.0,0.0,0.0,True
1992,Jeremy Roenick,22.0, CHI , C ,80,53,0.6625,50, 103 , 23 , 98 , 28 , 22 , 3 , 13 , 28 , 22 , -   , 234 , 23 ,0,0,0.0,0.0,0.0,0.0,0.0,True
1988,Luc Robitaille*,21.0, LAK , LW ,80,53,0.6625,58, 111 ,-9 , 82 , 36 , 17 , -   , 6 , 33 , 25 , -   , 220 , 24 ,0,0,0.0,0.0,0.0,0.0,0.0,True
1998,Peter Bondra,29.0, WSH , RW ,76,52,0.6842,26, 78 , 14 , 44 , 36 , 11 , 5 , 13 , 16 , 10 , -   , 284 , 18 ,0,0,0.0,0.0,0.0,0.0,0.0,True
1994,Adam Graves,25.0, NYR , LW ,84,52,0.619,27, 79 , 27 , 127 , 28 , 20 , 4 , 4 , 18 , 8 , 1 , 291 , 18 ,0,0,0.0,0.0,0.0,0.0,0.0,True
1979,Guy Lafleur*,27.0, MTL , RW ,80,52,0.65,77, 129 , 56 , 28 , 39 , 13 , -   , 12 , 44 , 32 , 1 , 342 , 15 ,0,0,0.0,0.0,0.0,0.0,0.0,True
1996,Peter Bondra,27.0, WSH , RW ,67,52,0.7761,28, 80 , 18 , 40 , 37 , 11 , 4 , 7 , 16 , 11 , 1 , 322 , 16 ,0,0,0.0,0.0,0.0,0.0,0.0,True
1997,Keith Tkachuk,24.0, PHX , LW ,81,52,0.642,34, 86 ,-1 , 228 , 41 , 9 , 2 , 7 , 24 , 10 , -   , 296 , 18 ,0,0,0.0,0.0,0.0,0.0,0.0,True
1998,Teemu Selanne,27.0, MDA , RW ,73,52,0.7123,34, 86 , 12 , 30 , 41 , 10 , 1 , 10 , 26 , 7 , 1 , 268 , 19 ,0,0,0.0,0.0,0.0,0.0,0.0,True
1976,Jean Pronovost,30.0, PIT , RW ,80,52,0.65,52, 104 , 16 , 24 , 37 , 13 , 2 , 3 , 28 , 24 , -   , 299 , 17 ,0,0,0.0,0.0,0.0,0.0,0.0,True
1975,Rick Martin,23.0, BUF , LW ,68,52,0.7647,43, 95 , 5 , 72 , 31 , 21 , -   , 6 , 26 , 17 , -   , 301 , 17 ,0,0,0.0,0.0,0.0,0.0,0.0,True
2001,Jaromir Jagr,28.0, PIT , RW ,81,52,0.642,69, 121 , 19 , 42 , 37 , 14 , 1 , 10 , 41 , 27 , 1 , 317 , 16 ," 1,888 ",23:19,0.0,0.0,0.0,0.0,0.0,True
1994,Brendan Shanahan*,25.0, STL , LW ,81,52,0.642,50, 102 ,-9 , 211 , 30 , 15 , 7 , 8 , 22 , 27 , 1 , 397 , 13 ,0,0,0.0,0.0,0.0,0.0,0.0,True
2002,Jarome Iginla,24.0, CGY , RW ,82,52,0.6341,44, 96 , 27 , 77 , 35 , 16 , 1 , 7 , 29 , 14 , 1 , 311 , 17 ," 1,834 ",22:22,0.0,0.0,0.0,0.0,0.0,True
2006,Ilya Kovalchuk,22.0, ATL , LW ,78,52,0.6667,46, 98 ,-6 , 68 , 25 , 27 , -   , 7 , 16 , 29 , 1 , 323 , 16 ," 1,746 ",22:23,0.0,0.0,0.0,0.0,0.0,True
1974,Rick Martin,22.0, BUF , LW ,78,52,0.6667,34, 86 ,-22 , 38 , 44 , 8 , -   , 6 , 19 , 15 , -   , 320 , 16 ,0,0,0.0,0.0,0.0,0.0,0.0,True
2006,Alex Ovechkin,20.0, WSH , LW ,81,52,0.642,54, 106 , 2 , 52 , 28 , 21 , 3 , 5 , 23 , 31 , -   , 425 , 12 ," 1,751 ",21:37,0.0,0.0,0.0,0.0,0.0,True
1973,Mickey Redmond,25.0, DET , RW ,76,52,0.6842,41, 93 , 6 , 24 , 37 , 15 , -   , 7 , 26 , 15 , -   , 363 , 14 ,0,0,0.0,0.0,0.0,0.0,0.0,True
2007,Vincent Lecavalier,26.0, TBL , C ,82,52,0.6341,56, 108 , 2 , 44 , 31 , 16 , 5 , 7 , 32 , 20 , 4 , 339 , 15 ," 1,854 ",22:36,0.0,0.0,0.0,0.0,0.0,True
2008,Ilya Kovalchuk,24.0, ATL , LW ,79,52,0.6582,35, 87 ,-12 , 52 , 34 , 16 , 2 , 4 , 21 , 14 , -   , 283 , 18 ," 1,699 ",21:30,25.0,39.0,13.0,16.0,44.8,True
1967,Bobby Hull*,28.0, CBH , LW ,66,52,0.7879,28, 80 ,0, 52 , 32 , 18 , 2 , 3 ,0,0,0,0,0,0,0,0.0,0.0,0.0,0.0,0.0,True
1994,Ray Sheppard,27.0, DET , RW ,82,52,0.6341,41, 93 , 13 , 26 , 33 , 19 , -   , 5 , 24 , 15 , 2 , 260 , 20 ,0,0,0.0,0.0,0.0,0.0,0.0,True
1984,Rick Vaive,24.0, TOR , RW ,76,52,0.6842,41, 93 ,-12 , 114 , 35 , 17 , -   , 6 , 28 , 13 , -   , 261 , 20 ,0,0,0.0,0.0,0.0,0.0,0.0,True
1987,Dino Ciccarelli*,26.0, MNS , RW ,80,52,0.65,51, 103 , 10 , 88 , 30 , 22 , -   , 5 , 38 , 13 , -   , 255 , 20 ,0,0,0.0,0.0,0.0,0.0,0.0,True
1982,Blaine Stoughton,28.0, HAR , LW ,80,52,0.65,39, 91 ,-17 , 57 , 38 , 13 , 1 , 4 , 23 , 16 , -   , 266 , 20 ,0,0,0.0,0.0,0.0,0.0,0.0,True
1984,Jari Kurri*,23.0, EDM , RW ,64,52,0.8125,61, 113 , 38 , 14 , 37 , 10 , 5 , 4 , 43 , 14 , 4 , 194 , 27 ,0,0,0.0,0.0,0.0,0.0,0.0,True
1981,Jacques Richard,28.0, QUE , RW ,78,52,0.6667,51, 103 ,-9 , 39 , 36 , 16 , -   , 5 , 28 , 23 , -   , 261 , 20 ,0,0,0.0,0.0,0.0,0.0,0.0,True
1986,Wayne Gretzky*,25.0, EDM , C ,80,52,0.65,163, 215 , 71 , 46 , 38 , 11 , 3 , 6 , 106 , 42 , 15 , 350 , 15 ,0,0,0.0,0.0,0.0,0.0,0.0,True
1990,Luc Robitaille*,23.0, LAK , LW ,80,52,0.65,49, 101 , 8 , 38 , 32 , 20 , -   , 7 , 35 , 13 , 1 , 210 , 25 ,0,0,0.0,0.0,0.0,0.0,0.0,True
2010,Sidney Crosby,22.0, PIT , C ,81,51,0.6296,58, 109 , 15 , 71 , 36 , 13 , 2 , 6 , 36 , 21 , 1 , 298 , 17 ," 1,778 ",21:57,42.0,62.0,992.0,781.0,56.0,True
2010,Steven Stamkos,19.0, TBL , C ,82,51,0.622,44, 95 ,-2 , 38 , 26 , 24 , 1 , 5 , 27 , 17 , -   , 297 , 17 ," 1,685 ",20:33,38.0,68.0,475.0,517.0,47.9,True
1971,John Bucyk*,35.0, BOS , LW ,78,51,0.6538,65, 116 , 36 , 8 , 29 , 22 , -   , 5 , 41 , 24 , -   , 225 , 23 ,0,0,0.0,0.0,0.0,0.0,0.0,True
1984,Mike Bossy*,27.0, NYI , RW ,67,51,0.7612,67, 118 , 66 , 8 , 45 , 6 , -   , 11 , 45 , 22 , -   , 246 , 21 ,0,0,0.0,0.0,0.0,0.0,0.0,True
1983,Rick Vaive,23.0, TOR , RW ,78,51,0.6538,28, 79 ,-13 , 105 , 30 , 18 , 3 , 8 , 16 , 11 , 1 , 296 , 17 ,0,0,0.0,0.0,0.0,0.0,0.0,True
2014,Alex Ovechkin,28.0, WSH , LW ,78,51,0.6538,28, 79 ,-35 , 48 , 27 , 24 , -   , 10 , 12 , 15 , 1 , 386 , 13 ," 1,603 ",20:33,22.0,204.0,2.0,1.0,66.7,True
1988,Joe Nieuwendyk*,21.0, CGY , C ,75,51,0.68,41, 92 , 20 , 23 , 17 , 31 , 3 , 8 , 25 , 14 , 2 , 212 , 24 ,0,0,0.0,0.0,0.0,0.0,0.0,True
1974,Mickey Redmond,26.0, DET , RW ,76,51,0.6711,26, 77 ,-21 , 14 , 30 , 21 , -   , 9 , 14 , 12 , -   , 296 , 17 ,0,0,0.0,0.0,0.0,0.0,0.0,True
1989,Joe Mullen*,31.0, CGY , RW ,79,51,0.6456,59, 110 , 51 , 16 , 37 , 13 , 1 , 7 , 31 , 27 , 1 , 270 , 19 ,0,0,0.0,0.0,0.0,0.0,0.0,True
1989,Joe Nieuwendyk*,22.0, CGY , C ,77,51,0.6623,31, 82 , 26 , 40 , 29 , 19 , 3 , 11 , 23 , 8 , -   , 215 , 24 ,0,0,0.0,0.0,0.0,0.0,0.0,True
1980,Mike Bossy*,23.0, NYI , RW ,75,51,0.68,41, 92 , 28 , 12 , 35 , 16 , -   , 8 , 26 , 15 , -   , 244 , 21 ,0,0,0.0,0.0,0.0,0.0,0.0,True
1984,Mike Bullard,22.0, PIT , C ,76,51,0.6711,41, 92 ,-33 , 57 , 36 , 15 , -   , -   , 25 , 16 , -   , 213 , 24 ,0,0,0.0,0.0,0.0,0.0,0.0,True
1990,Gary Leeman,25.0, TOR , RW ,80,51,0.6375,44, 95 , 4 , 63 , 36 , 14 , 1 , 5 , 32 , 12 , -   , 256 , 20 ,0,0,0.0,0.0,0.0,0.0,0.0,True
1990,Stephane Richer,23.0, MTL , RW ,75,51,0.68,40, 91 , 35 , 46 , 42 , 9 , -   , 8 , 27 , 13 , -   , 269 , 19 ,0,0,0.0,0.0,0.0,0.0,0.0,True
1998,John LeClair,28.0, PHI , LW ,82,51,0.622,36, 87 , 30 , 32 , 35 , 16 , -   , 9 , 25 , 11 , -   , 303 , 17 ,0,0,0.0,0.0,0.0,0.0,0.0,True
1998,Pavel Bure*,26.0, VAN , RW ,82,51,0.622,39, 90 , 5 , 48 , 32 , 13 , 6 , 4 , 24 , 12 , 3 , 329 , 16 ,0,0,0.0,0.0,0.0,0.0,0.0,True
1991,Steve Yzerman*,25.0, DET , C ,80,51,0.6375,57, 108 ,-2 , 34 , 33 , 12 , 6 , 4 , 35 , 21 , 1 , 326 , 16 ,0,0,0.0,0.0,0.0,0.0,0.0,True
1997,Teemu Selanne,26.0, MDA , RW ,78,51,0.6538,58, 109 , 28 , 34 , 39 , 11 , 1 , 8 , 37 , 21 , -   , 273 , 19 ,0,0,0.0,0.0,0.0,0.0,0.0,True
1991,Theoren Fleury,22.0, CGY , RW ,79,51,0.6456,53, 104 , 48 , 136 , 35 , 9 , 7 , 9 , 30 , 23 , -   , 249 , 21 ,0,0,0.0,0.0,0.0,0.0,0.0,True
1996,John LeClair,26.0, PHI , LW ,82,51,0.622,46, 97 , 21 , 64 , 32 , 19 , -   , 10 , 28 , 18 , -   , 270 , 19 ,0,0,0.0,0.0,0.0,0.0,0.0,True
1991,Cam Neely*,25.0, BOS , RW ,69,51,0.7391,40, 91 , 26 , 98 , 32 , 18 , 1 , 8 , 29 , 10 , 1 , 262 , 20 ,0,0,0.0,0.0,0.0,0.0,0.0,True
1996,Joe Sakic*,26.0, COL , C ,82,51,0.622,69, 120 , 14 , 44 , 28 , 17 , 6 , 7 , 34 , 33 , 2 , 339 , 15 ,0,0,0.0,0.0,0.0,0.0,0.0,True
1980,Wayne Gretzky*,19.0, EDM , C ,79,51,0.6456,86, 137 , 15 , 21 , 37 , 13 , 1 , 6 , 62 , 23 , 1 , 284 , 18 ,0,0,0.0,0.0,0.0,0.0,0.0,True
1993,Brendan Shanahan*,24.0, STL , LW ,71,51,0.7183,43, 94 , 10 , 174 , 33 , 18 , -   , 8 , 24 , 19 , -   , 232 , 22 ,0,0,0.0,0.0,0.0,0.0,0.0,True
1982,Rick Middleton,28.0, BOS , RW ,75,51,0.68,43, 94 , 15 , 12 , 31 , 19 , 1 , 9 , 26 , 15 , 2 , 202 , 25 ,0,0,0.0,0.0,0.0,0.0,0.0,True
